kategorie,deutsch,kroatisch,lautschrift-hr,englisch,lautschrift-en
Artikel,ein/eine,,,a,[ə]
Adjektiv (100 allg.),fähig,sposoban,[sposoban],able,[ˈeɪbəl]
Partikel / Präposition,ungefähr,oko,[oko],about,[əˈbaʊt]
Substantiv (400 Dinge),Konto,račun,[ratʃun],account,[əˈkaʊnt]
Adjektiv (100 allg.),Säure,kiselina,[kiselina],acid,[ˈæsəd]
Partikel / Präposition,quer,poprijeko,[poprjeːko],across,[əˈkrɔs]
Substantiv (400 Dinge),handeln,djelovati,[djeloʋati],act,[ækt]
Substantiv (400 Dinge),Ergänzung,dodatak,[dodatak],addition,[əˈdɪʃən]
Substantiv (400 Dinge),Anpassung,prilagođavanje,[prilaɡodʑaʋaɲe],adjustment,[əˈdʒəstmənt]
Substantiv (400 Dinge),Werbung,reklama,[reklama],advertisement,[ˌædvərˈtaɪzmənt]
Partikel / Präposition,danach,poslije,[poslije],after,[ˈæftər]
Partikel / Präposition,wieder,ponovo,[ponoʋo],again,[əˈɡɛn]
Partikel / Präposition,dagegen,protiv,[protiʋ],against,[əˈɡɛnst]
Substantiv (400 Dinge),Vereinbarung,sporazum,[sporazum],agreement,[əˈɡrimənt]
Substantiv (400 Dinge),Luft,zraka,[zraka],air,[ɛr]
Partikel / Präposition,alle,sve,[sʋe],all,[ɔl]
Partikel / Präposition,fast,gotovo,[ɡotoʋo],almost,[ˈɔlˌmoʊst]
Partikel / Präposition,unter,među,[medʑu],among,[əˈməŋ]
Substantiv (400 Dinge),Menge,iznos,[iznos],amount,[əˈmaʊnt]
Substantiv (400 Dinge),Unterhaltung,zabava,[zabaʋa],amusement,[əmˈjuzmənt]
Partikel / Präposition,und,i,[i],and,[ənd]
Substantiv (400 Dinge),Wut,bijes,[bijeːs],anger,[ˈæŋɡər]
Substantiv (200 bildh.),Winkel,kut,[kut],angle,[ˈæŋɡəl]
Adjektiv (100 allg.),wütend,ljuta,[ʎuta],angry,[ˈæŋɡri]
Substantiv (400 Dinge),Tier,životinja,[ʒiʋotiɲa],animal,[ˈænəməl]
Substantiv (400 Dinge),Antwort,odgovoriti,[odɡoʋoriti],answer,[ˈænsər]
Substantiv (200 bildh.),Ameise,mrav,[mraʋ],ant,[ænt]
Partikel / Präposition,irgendein,bilo koji,[bilo koji],any,[ˈɛni]
Substantiv (400 Dinge),Apparat,aparata,[aparata],apparatus,[ˌæpərˈætəs]
Substantiv (200 bildh.),Apfel,jabuka,[jabuka],apple,[ˈæpəl]
Substantiv (400 Dinge),Zustimmung,odobrenje,[odobreɲe],approval,[əˈpruvəl]
Substantiv (200 bildh.),Bogen,arh,[arx],arch,[ɑrtʃ]
Substantiv (400 Dinge),Argument,argument,[arɡument],argument,[ˈɑrɡjəmənt]
Substantiv (200 bildh.),Arm,ruku,[ruku],arm,[ɑrm]
Substantiv (200 bildh.),Armee,vojska,[ʋojska],army,[ˈɑrmi]
Substantiv (400 Dinge),Kunst,umjetnost,[umjetnost],art,[ɑrt]
Substantiv (400 Dinge),Artikel,članak,[tʃlanak],article,[ˈɑrtɪkəl]
Partikel / Präposition,als,kao,[kao],as,[ɛz]
Partikel / Präposition,bei,na,[na],at,[æt]
Substantiv (400 Dinge),Angriff,napadnuti,[napadnuti],attack,[əˈtæk]
Substantiv (400 Dinge),Versuch,pokušaj,[pokuʃaj],attempt,[əˈtɛmpt]
Substantiv (400 Dinge),Aufmerksamkeit,pozornost,[pozornost],attention,[əˈtɛnʃən]
Substantiv (400 Dinge),Attraktion,privlačnost,[priʋlatʃnost],attraction,[əˈtrækʃən]
Substantiv (400 Dinge),Autorität,vlast,[ʋlast],authority,[əˈθɔrəti]
Adjektiv (100 allg.),automatisch,automatski,[automatski],automatic,[ˌɔtəˈmætɪk]
Adjektiv (50 Gegensätze),wach,budan,[budan],awake,[əˈweɪk]
Substantiv (200 bildh.),Baby,dijete,[djeːte],baby,[ˈbeɪbi]
Substantiv (400 Dinge),zurück,natrag,[natraɡ],back,[bæk]
Adjektiv (50 Gegensätze),schlecht,loše,[loʃe],bad,[bæd]
Substantiv (200 bildh.),Tasche,vrećica,[ʋretɕitsa],bag,[bæɡ]
Substantiv (400 Dinge),Gleichgewicht,ravnoteža,[raʋnoteʒa],balance,[ˈbæləns]
Substantiv (200 bildh.),Kugel,lopta,[lopta],ball,[bɔl]
Substantiv (200 bildh.),Band,bend,[bend],band,[bænd]
Substantiv (400 Dinge),Basis,bazu,[bazu],base,[beɪs]
Substantiv (200 bildh.),Becken,umivaonik,[umiʋaonik],basin,[ˈbeɪsən]
Substantiv (200 bildh.),Korb,košarica,[koʃaritsa],basket,[ˈbæskət]
Substantiv (200 bildh.),Bad,kupka,[kupka],bath,[bæθ]
Verb,sein,biti,[biti],be,[bi]
Adjektiv (100 allg.),schön,lijepa,[ljeːpa],beautiful,[ˈbjutəfəl]
Partikel / Präposition,weil,jer,[jer],because,[bɪˈkəz]
Substantiv (200 bildh.),Bett,krevet,[kreʋet],bed,[bɛd]
Substantiv (200 bildh.),Biene,pčela,[ptʃela],bee,[bi]
Substantiv (200 bildh.),Käfer,buba,[buba],beetle,[ˈbitəl]
Partikel / Präposition,vor,prije,[prije],before,[ˌbiˈfɔr]
Substantiv (400 Dinge),Verhalten,ponašanje,[ponaʃaɲe],behaviour,[bɪˈheɪvjər]
Substantiv (400 Dinge),Glaube,vjerovanje,[ʋjeroʋaɲe],belief,[bɪˈlif]
Substantiv (200 bildh.),Glocke,zvono,[zʋono],bell,[bɛl]
Adjektiv (50 Gegensätze),gebogen,savijena,[saʋijena],bent,[bɛnt]
Substantiv (200 bildh.),Beere,bobičasto voće,[bobitʃasto ʋotɕe],berry,[ˈbɛri]
Partikel / Präposition,dazwischen,između,[izmedʑu],between,[bɪtˈwin]
Substantiv (200 bildh.),Vogel,ptica,[ptitsa],bird,[bərd]
Substantiv (400 Dinge),Geburt,rođenje,[rodʑeɲe],birth,[bərθ]
Substantiv (400 Dinge),bisschen,malo,[malo],bit,[bɪt]
Substantiv (400 Dinge),beißen,zalogaj,[zaloɡaj],bite,[baɪt]
Adjektiv (50 Gegensätze),bitter,gorak,[ɡorak],bitter,[ˈbɪtər]
Adjektiv (100 allg.),schwarz,crna,[tsrna],black,[blæk]
Substantiv (200 bildh.),Klinge,oštrica,[oʃtritsa],blade,[bleɪd]
Substantiv (400 Dinge),Blut,krvi,[krʋi],blood,[bləd]
Substantiv (400 Dinge),Schlag,udarac,[udarats],blow,[bloʊ]
Adjektiv (50 Gegensätze),blau,plava,[plaʋa],blue,[blu]
Substantiv (200 bildh.),Brett,ploča,[plotʃa],board,[bɔrd]
Substantiv (200 bildh.),Boot,čamac,[tʃamats],boat,[boʊt]
Substantiv (400 Dinge),Körper,tijelo,[tjeːlo],body,[ˈbɑdi]
Verb,kochen,kuhati,[kuxati],boil,[bɔɪl]
Adjektiv (100 allg.),kochend,kipuće,[kiputɕe],boiling,[ˈbɔɪlɪŋ]
Substantiv (200 bildh.),Knochen,kost,[kost],bone,[boʊn]
Substantiv (200 bildh.),Buch,knjiga,[kɲiɡa],book,[bʊk]
Substantiv (200 bildh.),booten,čizma,[tʃizma],boot,[but]
Substantiv (200 bildh.),Flasche,boca,[botsa],bottle,[ˈbɑtəl]
Substantiv (200 bildh.),Box,okvir,[okʋir],box,[bɑks]
Substantiv (200 bildh.),Junge,dječak,[djetʃak],boy,[bɔɪ]
Substantiv (200 bildh.),Gehirn,mozak,[mozak],brain,[breɪn]
Substantiv (200 bildh.),Bremse,kočnica,[kotʃnitsa],brake,[breɪk]
Substantiv (200 bildh.),Zweig,ogranak,[oɡranak],branch,[bræntʃ]
Substantiv (400 Dinge),Messing,mjed,[mjed],brass,[bræs]
Substantiv (400 Dinge),Brot,kruh,[krux],bread,[brɛd]
Substantiv (400 Dinge),Atem,dah,[dax],breath,[brɛθ]
Substantiv (200 bildh.),Ziegelstein,opeka,[opeka],brick,[brɪk]
Substantiv (200 bildh.),Brücke,most,[most],bridge,[brɪdʒ]
Adjektiv (100 allg.),hell,svijetao,[sʋjeːtao],bright,[braɪt]
Adjektiv (100 allg.),kaputt,slomljena,[slomʎena],broken,[ˈbroʊkən]
Substantiv (400 Dinge),Bruder,brate,[brate],brother,[ˈbrəðər]
Adjektiv (100 allg.),braun,smeđa,[smedʑa],brown,[braʊn]
Substantiv (200 bildh.),Pinsel,kist,[kist],brush,[brəʃ]
Substantiv (200 bildh.),Eimer,kanta,[kanta],bucket,[ˈbəkɪt]
Substantiv (400 Dinge),Gebäude,zgrada,[zɡrada],building,[ˈbɪldɪŋ]
Substantiv (200 bildh.),Glühbirne,žarulja,[ʒaruʎa],bulb,[bəlb]
Substantiv (400 Dinge),brennen,spaliti,[spaliti],burn,[bərn]
Substantiv (400 Dinge),platzen,puknuti,[puknuti],burst,[bərst]
Substantiv (400 Dinge),Geschäft,poslovanje,[posloʋaɲe],business,[ˈbɪznɪs]
Partikel / Präposition,aber,ali,[ali],but,[bət]
Substantiv (400 Dinge),Butter,maslac,[maslats],butter,[ˈbətər]
Substantiv (200 bildh.),Taste,dugme,[duɡme],button,[ˈbətən]
Partikel / Präposition,von,po,[po],by,[baɪ]
Substantiv (200 bildh.),Kuchen,kolač,[kolatʃ],cake,[keɪk]
Substantiv (200 bildh.),Kamera,fotoaparat,[fotoaparat],camera,[ˈkæmərə]
Substantiv (400 Dinge),Leinwand,platno,[platno],canvas,[ˈkænvəs]
Substantiv (200 bildh.),Karte,kartica,[kartitsa],card,[kɑrd]
Substantiv (400 Dinge),Pflege,briga,[briɡa],care,[kɛr]
Substantiv (200 bildh.),Kutsche,kočija,[kotʃija],carriage,[ˈkɛrədʒ]
Substantiv (200 bildh.),Warenkorb,kolica,[kolitsa],cart,[kɑrt]
Substantiv (200 bildh.),Katze,mačka,[matʃka],cat,[kæt]
Substantiv (200 bildh.),Rinder,goveda,[ɡoʋeda],cattle,[ˈkætəl]
Substantiv (400 Dinge),Ursache,uzrokovati,[uzrokoʋati],cause,[kɔz]
Adjektiv (50 Gegensätze),sicher,određeni,[odredʑeni],certain,[ˈsərtən]
Substantiv (200 bildh.),Kette,lanac,[lanats],chain,[tʃeɪn]
Substantiv (400 Dinge),Kreide,kreda,[kreda],chalk,[tʃɔk]
Substantiv (400 Dinge),Chance,prilika,[prilika],chance,[tʃæns]
Substantiv (400 Dinge),ändern,promjena,[promjena],change,[tʃeɪndʒ]
Adjektiv (100 allg.),billig,jeftino,[jeftino],cheap,[tʃip]
Substantiv (200 bildh.),Käse,sir,[sir],cheese,[tʃiz]
Adjektiv (100 allg.),chemisch,kemijski,[kemijski],chemical,[ˈkɛmɪkəl]
Substantiv (200 bildh.),Brust,prsa,[prsa],chest,[tʃɛst]
Adjektiv (100 allg.),Chef,načelnik,[natʃelnik],chief,[tʃif]
Substantiv (400 Dinge),Kind,dijete,[djeːte],child,[tʃaɪld]
Substantiv (200 bildh.),Kinn,brada,[brada],chin,[tʃɪn]
Substantiv (200 bildh.),Kirche,crkva,[tsrkʋa],church,[tʃərtʃ]
Substantiv (200 bildh.),Kreis,krug,[kruɡ],circle,[ˈsərkəl]
Adjektiv (100 allg.),sauber,čistim,[tʃistim],clean,[klin]
Adjektiv (100 allg.),klar,jasno,[jasno],clear,[klɪr]
Substantiv (200 bildh.),Uhr,sat,[sat],clock,[klɑk]
Substantiv (400 Dinge),Stoff,tkanina,[tkanina],cloth,[klɔθ]
Substantiv (200 bildh.),Wolke,oblak,[oblak],cloud,[klaʊd]
Substantiv (400 Dinge),Kohle,ugljen,[uɡʎen],coal,[koʊl]
Substantiv (200 bildh.),Mantel,kaput,[kaput],coat,[koʊt]
Adjektiv (50 Gegensätze),kalt,hladna,[xladna],cold,[koʊld]
Substantiv (200 bildh.),Kragen,ovratnik,[oʋratnik],collar,[ˈkɑlər]
Substantiv (400 Dinge),Farbe,boja,[boja],colour,[ˈkələr]
Substantiv (200 bildh.),Kamm,češalj,[tʃeʃaʎ],comb,[koʊm]
Substantiv (400 Dinge),Komfort,udobnost,[udobnost],comfort,[ˈkəmfərt]
Substantiv (400 Dinge),Ausschuss,odbor,[odbor],committee,[kəˈmɪti]
Adjektiv (100 allg.),häufig,zajednički,[zajednitʃki],common,[ˈkɑmən]
Substantiv (400 Dinge),Unternehmen,tvrtka,[tʋrtka],company,[ˈkəmpəˌni]
Substantiv (400 Dinge),Vergleich,usporedba,[usporedba],comparison,[kəmˈpɛrəsən]
Substantiv (400 Dinge),Wettbewerb,natjecanje,[natjetsaɲe],competition,[ˌkɑmpəˈtɪʃən]
Adjektiv (50 Gegensätze),abgeschlossen,potpuna,[potpuna],complete,[kəmˈplit]
Adjektiv (100 allg.),komplex,složena,[sloʒena],complex,[ˈkɑmplɛks]
Substantiv (400 Dinge),Zustand,stanje,[staɲe],condition,[kənˈdɪʃən]
Substantiv (400 Dinge),Verbindung,veza,[ʋeza],connection,[kəˈnɛkʃən]
Adjektiv (100 allg.),bewusst,svjestan,[sʋjestan],conscious,[ˈkɑnʃəs]
Substantiv (400 Dinge),Kontrolle,kontrola,[kontrola],control,[kənˈtroʊl]
Substantiv (400 Dinge),kochen,kuhati,[kuxati],cook,[kʊk]
Substantiv (400 Dinge),Kochen,kuhanje,[kuxaɲe],cooking,[ˈkʊkɪŋ]
Substantiv (400 Dinge),Kupfer,bakar,[bakar],copper,[ˈkɑpər]
Substantiv (400 Dinge),kopieren,kopija,[kopija],copy,[ˈkɑpi]
Substantiv (200 bildh.),Schnur,kabel,[kabel],cord,[kɔrd]
Substantiv (400 Dinge),Kork,pluto,[pluto],cork,[kɔrk]
Substantiv (400 Dinge),Baumwolle,pamuk,[pamuk],cotton,[ˈkɔtən]
Substantiv (400 Dinge),Husten,kašalj,[kaʃaʎ],cough,[kɔf]
Substantiv (400 Dinge),Land,zemlja,[zemʎa],country,[ˈkəntri]
Substantiv (400 Dinge),Abdeckung,poklopac,[poklopats],cover,[ˈkəvər]
Substantiv (200 bildh.),Kuh,krava,[kraʋa],cow,[kaʊ]
Substantiv (400 Dinge),knacken,ispucati,[isputsati],crack,[kræk]
Substantiv (400 Dinge),Kredit,kredit,[kredit],credit,[ˈkrɛdɪt]
Substantiv (400 Dinge),Kreditbank,kreditna banka,[kreditna banka],credit bank,[ˈkrɛdɪt bæŋk]
Substantiv (400 Dinge),Verbrechen,zločin,[zlotʃin],crime,[kraɪm]
Adjektiv (50 Gegensätze),grausam,okrutan,[okrutan],cruel,[kruəl]
Substantiv (400 Dinge),zerquetschen,zdrobiti,[zdrobiti],crush,[krəʃ]
Substantiv (400 Dinge),Weinen,plakati,[plakati],cry,[kraɪ]
Substantiv (200 bildh.),Tasse,šalica,[ʃalitsa],cup,[kəp]
Substantiv (400 Dinge),aktuell,trenutni,[trenutni],current,[ˈkɑrənt]
Substantiv (200 bildh.),Vorhang,zastor,[zastor],curtain,[ˈkərtən]
Substantiv (400 Dinge),Kurve,krivulja,[kriʋuʎa],curve,[kərv]
Substantiv (200 bildh.),Kissen,jastuk,[jastuk],cushion,[ˈkʊʃən]
Adjektiv (100 allg.),schneiden,rezati,[rezati],cut,[kət]
Substantiv (400 Dinge),Schaden,oštećenje,[oʃtetɕeɲe],damage,[ˈdæmɪdʒ]
Substantiv (400 Dinge),Gefahr,opasnost,[opasnost],danger,[ˈdeɪndʒər]
Adjektiv (50 Gegensätze),dunkel,mračno,[mratʃno],dark,[dɑrk]
Substantiv (400 Dinge),Tochter,kći,[ktɕi],daughter,[ˈdɔtər]
Substantiv (400 Dinge),Tag,dan,[dan],day,[deɪ]
Adjektiv (50 Gegensätze),tot,mrtav,[mrtaʋ],dead,[dɛd]
Adjektiv (50 Gegensätze),Liebling,draga,[draɡa],dear,[dɪr]
Substantiv (400 Dinge),Tod,smrti,[smrti],death,[dɛθ]
Substantiv (400 Dinge),Schulden,duga,[duɡa],debt,[dɛt]
Substantiv (400 Dinge),Entscheidung,odluka,[odluka],decision,[dɪˈsɪʒən]
Adjektiv (100 allg.),tief,duboko,[duboko],deep,[dip]
Substantiv (400 Dinge),Abschluss,stupanj,[stupaɲ],degree,[dɪˈɡri]
Adjektiv (50 Gegensätze),zart,delikatan,[delikatan],delicate,[ˈdɛləkət]
Adjektiv (100 allg.),abhängig,ovisan,[oʋisan],dependent,[dɪˈpɛndənt]
Substantiv (400 Dinge),Design,dizajn,[dizajn],design,[dɪˈzaɪn]
Substantiv (400 Dinge),Wunsch,želja,[ʒeʎa],desire,[dɪˈzaɪər]
Substantiv (400 Dinge),Zerstörung,uništenje,[uniʃteɲe],destruction,[dɪˈstrəkʃən]
Substantiv (400 Dinge),Detail,detalj,[detaʎ],detail,[ˈditeɪl]
Substantiv (400 Dinge),Entwicklung,razvoju,[razʋoju],development,[dɪˈvɛləpmənt]
Substantiv (400 Dinge),Unterschied,razlika,[razlika],difference,[ˈdɪfərəns]
Adjektiv (50 Gegensätze),anders,drugačiji,[druɡatʃiji],different,[ˈdɪfərənt]
Substantiv (400 Dinge),Verdauung,probava,[probaʋa],digestion,[daɪˈdʒɛstʃən]
Substantiv (400 Dinge),Richtung,pravac,[praʋats],direction,[dɪˈrɛkʃɪn]
Adjektiv (50 Gegensätze),schmutzig,prljavi,[prʎaʋi],dirty,[ˈdərti]
Substantiv (400 Dinge),Entdeckung,otkriće,[otkritɕe],discovery,[ˌdɪˈskəvri]
Substantiv (400 Dinge),Diskussion,rasprava,[raspraʋa],discussion,[dɪˈskəʃən]
Substantiv (400 Dinge),Krankheit,bolesti,[bolesti],disease,[dɪˈziz]
Substantiv (400 Dinge),Ekel,gađenje,[ɡadʑeɲe],disgust,[dɪsˈɡəst]
Substantiv (400 Dinge),Entfernung,udaljenost,[udaʎenost],distance,[ˈdɪstəns]
Substantiv (400 Dinge),Verteilung,raspodjela,[raspodjela],distribution,[ˌdɪstrəˈbjuʃən]
Substantiv (400 Dinge),Abteilung,podjela,[podjela],division,[dɪˈvɪʒən]
Verb,tun,učiniti,[utʃiniti],do,[du]
Substantiv (200 bildh.),Hund,pas,[pas],dog,[dɔɡ]
Substantiv (400 Dinge),Hausangestellter,domaći radnik,[domatɕi radnik],domestic worker,[dəˈmɛstɪk ˈwərkər]
Substantiv (200 bildh.),Tür,vrata,[ʋrata],door,[dɔr]
Substantiv (400 Dinge),Zweifel,sumnja,[sumɲa],doubt,[daʊt]
Partikel / Präposition,unten,dolje,[doʎe],down,[daʊn]
Substantiv (200 bildh.),abtropfen lassen,odvoditi,[odʋoditi],drain,[dreɪn]
Substantiv (200 bildh.),Schublade,ladica,[laditsa],drawer,[drɔr]
Substantiv (200 bildh.),Kleid,haljina,[xaʎina],dress,[drɛs]
Substantiv (400 Dinge),trinken,piće,[pitɕe],drink,[drɪŋk]
Substantiv (400 Dinge),fahren,vožnja,[ʋoʒɲa],driving,[ˈdraɪvɪŋ]
Substantiv (200 bildh.),fallen lassen,ispustiti,[ispustiti],drop,[drɔp]
Adjektiv (50 Gegensätze),trocken,suha,[suxa],dry,[draɪ]
Substantiv (400 Dinge),Staub,prašina,[praʃina],dust,[dəst]
Substantiv (200 bildh.),Ohr,uho,[uxo],ear,[ɪr]
Adjektiv (100 allg.),früh,rano,[rano],early,[ˈərli]
Substantiv (400 Dinge),Erde,zemlja,[zemʎa],earth,[ərθ]
Substantiv (200 bildh.),Regenwurm,kišna glista,[kiʃna ɡlista],earthworm,[ˈərθˌwərm]
Partikel / Präposition,Osten,istok,[istok],east,[ist]
Substantiv (400 Dinge),Kante,rub,[rub],edge,[ɛdʒ]
Substantiv (400 Dinge),Bildung,obrazovanje,[obrazoʋaɲe],education,[ˌɛdʒəˈkeɪʃən]
Substantiv (400 Dinge),Wirkung,učinak,[utʃinak],effect,[ˈifɛkt]
Substantiv (200 bildh.),Ei,jaje,[jaje],egg,[ɛɡ]
Adjektiv (100 allg.),elastisch,elastična,[elastitʃna],elastic,[ɪˈlæstɪk]
Substantiv (400 Dinge),Elastizität,elastičnost,[elastitʃnost],elasticity,[ˌiˌlæˈstɪsəti]
Adjektiv (100 allg.),elektrisch,električni,[elektritʃni],electric,[ɪˈlɛktrɪk]
Substantiv (400 Dinge),Strom,struja,[struja],electricity,[ɪˌlɛkˈtrɪsəti]
Substantiv (400 Dinge),Ende,kraj,[kraj],end,[ɛnd]
Substantiv (200 bildh.),Motor,motor,[motor],engine,[ˈɪndʒən]
Partikel / Präposition,genug,dovoljno,[doʋoʎno],enough,[ɪˈnəf]
Adjektiv (100 allg.),gleich,jednaka,[jednaka],equal,[ˈikwəl]
Substantiv (400 Dinge),Fehler,greška,[ɡreʃka],error,[ˈɛrər]
Partikel / Präposition,sogar,čak i,[tʃak i],even,[ˈivɪn]
Substantiv (400 Dinge),Ereignis,događaj,[doɡadʑaj],event,[ɪˈvɛnt]
Partikel / Präposition,jemals,ikada,[ikada],ever,[ˈɛvər]
Partikel / Präposition,jeder,svaki,[sʋaki],every,[ˈɛvəri]
Substantiv (400 Dinge),Beispiel,primjer,[primjer],example,[ɪɡˈzæmpəl]
Substantiv (400 Dinge),Austausch,razmjena,[razmjena],exchange,[ɪksˈtʃeɪndʒ]
Substantiv (400 Dinge),Existenz,postojanje,[postojaɲe],existence,[ɪɡˈzɪstəns]
Substantiv (400 Dinge),Erweiterung,proširenje,[proʃireɲe],expansion,[ɪkˈspæntʃən]
Substantiv (400 Dinge),Erfahrung,iskustvo,[iskustʋo],experience,[ɪkˈspɪriəns]
Substantiv (400 Dinge),Experte,stručnjak,[strutʃɲak],expert,[ˈɛkspərt]
Substantiv (200 bildh.),Auge,oko,[oko],eye,[aɪ]
Substantiv (200 bildh.),Gesicht,lice,[litse],face,[feɪs]
Substantiv (400 Dinge),Tatsache,činjenica,[tʃiɲenitsa],fact,[fækt]
Substantiv (400 Dinge),Misserfolg,neuspjeh,[neuspjex],failure,[ˈfeɪljər]
Substantiv (400 Dinge),fallen,padati,[padati],fall,[fɔl]
Adjektiv (50 Gegensätze),falsch,lažno,[laʒno],false,[fɔls]
Substantiv (400 Dinge),Familie,obitelji,[obiteʎi],family,[ˈfæməli]
Partikel / Präposition,weit,daleko,[daleko],far,[fɑr]
Substantiv (200 bildh.),Bauernhof,farma,[farma],farm,[fɑrm]
Adjektiv (100 allg.),fett,masti,[masti],fat,[fæt]
Substantiv (400 Dinge),Vater,otac,[otats],father,[ˈfɑðər]
Substantiv (400 Dinge),Angst,strah,[strax],fear,[fɪr]
Substantiv (200 bildh.),Feder,pero,[pero],feather,[ˈfɛðər]
Adjektiv (50 Gegensätze),schwach,slabašan,[slabaʃan],feeble,[ˈfibəl]
Substantiv (400 Dinge),Gefühl,osjećaj,[osjetɕaj],feeling,[ˈfilɪŋ]
Adjektiv (50 Gegensätze),weiblich,ženskog spola,[ʒenskoɡ spola],female,[ˈfiˌmeɪl]
Adjektiv (100 allg.),fruchtbar,plodna,[plodna],fertile,[ˈfərtəl]
Substantiv (400 Dinge),Fruchtbarkeit,plodnost,[plodnost],fertility,[fərˈtɪlɪti]
Substantiv (400 Dinge),Fiktion,fikcija,[fiktsija],fiction,[ˈfɪkʃən]
Substantiv (400 Dinge),Feld,polje,[poʎe],field,[fild]
Substantiv (400 Dinge),kämpfen,boriti se,[boriti se],fight,[faɪt]
Substantiv (200 bildh.),Finger,prst,[prst],finger,[ˈfɪŋɡər]
Substantiv (400 Dinge),Feuer,požara,[poʒara],fire,[faɪər]
Adjektiv (100 allg.),zuerst,prvi,[prʋi],first,[fərst]
Substantiv (200 bildh.),Fisch,riba,[riba],fish,[fɪʃ]
Substantiv (200 bildh.),Fischernetz,ribarska mreža,[ribarska mreʒa],fishing net,[ˈfɪʃɪŋ nɛt]
Adjektiv (100 allg.),behoben,fiksni,[fiksni],fixed,[fɪkst]
Substantiv (200 bildh.),Flagge,zastava,[zastaʋa],flag,[flæɡ]
Substantiv (400 Dinge),Flamme,plamen,[plamen],flame,[fleɪm]
Adjektiv (100 allg.),flach,stan,[stan],flat,[flæt]
Substantiv (400 Dinge),Flug,let,[let],flight,[flaɪt]
Substantiv (200 bildh.),Boden,pod,[pod],floor,[flɔr]
Substantiv (400 Dinge),Blume,cvijet,[tsʋjeːt],flower,[flaʊər]
Substantiv (200 bildh.),fliegen,letjeti,[letjeti],fly,[flaɪ]
Substantiv (400 Dinge),falten,presavijati,[presaʋijati],fold,[foʊld]
Substantiv (400 Dinge),Essen,hrane,[xrane],food,[fud]
Adjektiv (50 Gegensätze),dumm,budalasto,[budalasto],foolish,[ˈfulɪʃ]
Substantiv (400 Dinge),Dummheit,glupost,[ɡlupost],foolishness,[ˈfulɪʃnəs]
Substantiv (200 bildh.),Fuß,noga,[noɡa],foot,[fʊt]
Partikel / Präposition,für,za,[za],for,[fər]
Substantiv (400 Dinge),Kraft,sila,[sila],force,[fɔrs]
Substantiv (200 bildh.),Gabel,vilica,[ʋilitsa],fork,[fɔrk]
Substantiv (400 Dinge),Formular,obrazac,[obrazats],form,[fɔrm]
Partikel / Präposition,vorwärts,naprijed,[naprjeːd],forward,[ˈfɔrwərd]
Substantiv (200 bildh.),Geflügel,peradi,[peradi],fowl,[faʊl]
Substantiv (200 bildh.),Rahmen,okvir,[okʋir],frame,[freɪm]
Adjektiv (100 allg.),kostenlos,besplatno,[besplatno],free,[fri]
Adjektiv (100 allg.),häufig,učestalo,[utʃestalo],frequent,[ˈfrikˌwɛnt]
Substantiv (400 Dinge),Freund,prijatelju,[prijateʎu],friend,[frɛnd]
Partikel / Präposition,von,od,[od],from,[frəm]
Substantiv (400 Dinge),vorne,sprijeda,[sprjeːda],front,[frənt]
Substantiv (400 Dinge),Frucht,voće,[ʋotɕe],fruit,[frut]
Adjektiv (100 allg.),voll,puna,[puna],full,[fʊl]
Adjektiv (50 Gegensätze),Zukunft,budućnost,[budutɕnost],future,[fˈjutʃər]
Substantiv (200 bildh.),Garten,vrt,[ʋrt],garden,[ˈɡɑrdən]
Adjektiv (100 allg.),allgemein,opći,[optɕi],general,[ˈdʒɛnərəl]
Verb,bekommen,dobiti,[dobiti],get,[ɡɪt]
Substantiv (200 bildh.),Mädchen,djevojka,[djeʋojka],girl,[ɡərl]
Substantiv (400 Dinge),Freundin,djevojka,[djeʋojka],girlfriend,[ˈɡərlˌfrɛnd]
Verb,geben,dati,[dati],give,[ɡɪv]
Substantiv (400 Dinge),Glas,stakla,[stakla],glass,[ɡlæs]
Substantiv (200 bildh.),Handschuh,rukavica,[rukaʋitsa],glove,[ɡləv]
Verb,geh,otići,[otitɕi],go,[ɡoʊ]
Substantiv (200 bildh.),Ziege,koza,[koza],goat,[ɡoʊt]
Substantiv (400 Dinge),Gold,zlato,[zlato],gold,[ɡoʊld]
Adjektiv (100 allg.),gut,dobar,[dobar],good,[ɡʊd]
Substantiv (400 Dinge),Regierung,vlada,[ʋlada],government,[ˈɡəvərnmənt]
Substantiv (400 Dinge),Getreide,žito,[ʒito],grain,[ɡreɪn]
Substantiv (400 Dinge),Gras,trava,[traʋa],grass,[ɡræs]
Adjektiv (100 allg.),grau,siva,[siʋa],gray,[ɡreɪ]
Adjektiv (100 allg.),großartig,super,[super],great,[ɡreɪt]
Adjektiv (50 Gegensätze),grün,zelena,[zelena],green,[ɡrin]
Adjektiv (100 allg.),grau/grau,siva/siva,[siʋa/siʋa],grey/gray,[ɡreɪ]
Substantiv (400 Dinge),Griff,stisak,[stisak],grip,[ɡrɪp]
Substantiv (400 Dinge),Gruppe,grupa,[ɡrupa],group,[ɡrup]
Substantiv (400 Dinge),Wachstum,rast,[rast],growth,[ɡroʊθ]
Substantiv (400 Dinge),Führer,vodič,[ʋoditʃ],guide,[ɡaɪd]
Substantiv (200 bildh.),Waffe,pištolj,[piʃtoʎ],gun,[ɡən]
Substantiv (200 bildh.),Haare,kosa,[kosa],hair,[hɛr]
Substantiv (200 bildh.),Hammer,čekić,[tʃekitɕ],hammer,[ˈhæmər]
Substantiv (200 bildh.),Hand,ruke,[ruke],hand,[hænd]
Adjektiv (100 allg.),hängend,vješanje,[ʋjeʃaɲe],hanging,[ˈhæŋɪŋ]
Adjektiv (100 allg.),glücklich,sretna,[sretna],happy,[ˈhæpi]
Substantiv (400 Dinge),Hafen,luka,[luka],harbor,[ˈhɑrbər]
Adjektiv (100 allg.),hart,teško,[teʃko],hard,[hɑrd]
Substantiv (400 Dinge),Harmonie,sklad,[sklad],harmony,[ˈhɑrməni]
Substantiv (200 bildh.),Hut,šešir,[ʃeʃir],hat,[hæt]
Substantiv (400 Dinge),hassen,mrziti,[mrziti],hate,[heɪt]
Verb,habe,imati,[imati],have,[hæv]
Partikel / Präposition,er,on,[on],he,[hi]
Substantiv (200 bildh.),Kopf,glavu,[ɡlaʋu],head,[hɛd]
Adjektiv (100 allg.),gesund,zdrava,[zdraʋa],healthy,[ˈhɛlθi]
Substantiv (400 Dinge),Hören,saslušanje,[sasluʃaɲe],hearing,[ˈhirɪŋ]
Substantiv (200 bildh.),Herz,srce,[srtse],heart,[hɑrt]
Substantiv (400 Dinge),Hitze,vrućina,[ʋrutɕina],heat,[hit]
Substantiv (400 Dinge),Hilfe,pomoć,[pomotɕ],help,[hɛlp]
Partikel / Präposition,hier,ovdje,[oʋdje],here,[hir]
Adjektiv (100 allg.),hoch,visoka,[ʋisoka],high,[haɪ]
Substantiv (400 Dinge),Geschichte,povijesti,[poʋjeːsti],history,[ˈhɪstəri]
Substantiv (400 Dinge),Loch,rupa,[rupa],hole,[hoʊl]
Adjektiv (100 allg.),hohl,šuplje,[ʃupʎe],hollow,[ˈhɑloʊ]
Substantiv (200 bildh.),Haken,udica,[uditsa],hook,[hʊk]
Substantiv (400 Dinge),Hoffnung,nadati se,[nadati se],hope,[hoʊp]
Substantiv (200 bildh.),Hupe,rog,[roɡ],horn,[hɔrn]
Substantiv (200 bildh.),Pferd,konja,[koɲa],horse,[hɔrs]
Substantiv (200 bildh.),Krankenhaus,bolnica,[bolnitsa],hospital,[ˈhɑˌspɪtəl]
Substantiv (400 Dinge),Stunde,sat,[sat],hour,[aʊər]
Substantiv (200 bildh.),Haus,kuća,[kutɕa],house,[haʊs]
Partikel / Präposition,wie,kako,[kako],how,[haʊ]
Substantiv (400 Dinge),Humor,humor,[xumor],humour,[ˈhjumər]
Partikel / Präposition,ich,ja,[ja],i,[aɪ]
Substantiv (400 Dinge),Eis,led,[led],ice,[aɪs]
Substantiv (400 Dinge),Idee,ideja,[ideja],idea,[aɪˈdiə]
Partikel / Präposition,wenn,ako,[ako],if,[ɪf]
Adjektiv (50 Gegensätze),krank,bolestan,[bolestan],ill,[ɪl]
Adjektiv (100 allg.),wichtig,važno,[ʋaʒno],important,[ˌɪmˈpɔrtənt]
Substantiv (400 Dinge),Impuls,impuls,[impuls],impulse,[ˌɪmˈpəls]
Partikel / Präposition,in,u,[u],in,[ɪn]
Substantiv (400 Dinge),erhöhen,povećanje,[poʋetɕaɲe],increase,[ˌɪnˈkris]
Substantiv (400 Dinge),Industrie,industrija,[industrija],industry,[ˈɪndəstri]
Substantiv (400 Dinge),Tinte,tinta,[tinta],ink,[ɪŋk]
Substantiv (400 Dinge),Insekt,kukac,[kukats],insect,[ˈɪnˌsɛkt]
Substantiv (400 Dinge),Instrument,instrument,[instrument],instrument,[ˈɪnstrəmənt]
Substantiv (400 Dinge),Versicherung,osiguranje,[osiɡuraɲe],insurance,[ˌɪnˈʃʊrəns]
Substantiv (400 Dinge),Interesse,kamata,[kamata],interest,[ˈɪntəˌrɛst]
Substantiv (400 Dinge),Erfindung,invencija,[inʋentsija],invention,[ˌɪnˈvɛnʃən]
Substantiv (400 Dinge),Eisen,željezo,[ʒeʎezo],iron,[aɪərn]
Substantiv (200 bildh.),Insel,otok,[otok],island,[ˈaɪlənd]
Substantiv (400 Dinge),Gelee,žele,[ʒele],jelly,[ˈdʒɛli]
Substantiv (200 bildh.),Juwel,dragulj,[draɡuʎ],jewel,[dʒuəl]
Substantiv (400 Dinge),beitreten,pridružiti se,[pridruʒiti se],join,[dʒɔɪn]
Substantiv (400 Dinge),Reise,putovanje,[putoʋaɲe],journey,[ˈdʒərni]
Substantiv (400 Dinge),Richter,suditi,[suditi],judge,[dʒədʒ]
Substantiv (400 Dinge),springen,skočiti,[skotʃiti],jump,[dʒəmp]
Verb,behalten,zadržati,[zadrʒati],keep,[kip]
Substantiv (200 bildh.),Wasserkocher,kuhalo za vodu,[kuxalo za ʋodu],kettle,[ˈkɛtəl]
Substantiv (200 bildh.),Schlüssel,ključ,[kʎutʃ],key,[ki]
Substantiv (400 Dinge),Tritt,udarac nogom,[udarats noɡom],kick,[kɪk]
Adjektiv (100 allg.),nett,vrsta,[ʋrsta],kind,[kaɪnd]
Substantiv (400 Dinge),Kuss,poljubac,[poʎubats],kiss,[kɪs]
Substantiv (200 bildh.),Knie,koljeno,[koʎeno],knee,[ni]
Substantiv (200 bildh.),Messer,nož,[noʒ],knife,[naɪf]
Substantiv (200 bildh.),Knoten,čvor,[tʃʋor],knot,[nɑt]
Substantiv (400 Dinge),Wissen,znanja,[znaɲa],knowledge,[ˈnɑlɪdʒ]
Substantiv (400 Dinge),Land,zemljište,[zemʎiʃte],land,[lænd]
Substantiv (400 Dinge),Sprache,jeziku,[jeziku],language,[ˈlæŋɡwɪdʒ]
Adjektiv (50 Gegensätze),zuletzt,posljednji,[posʎedɲi],last,[læst]
Adjektiv (50 Gegensätze),spät,kasno,[kasno],late,[leɪt]
Substantiv (400 Dinge),lachen,nasmijati se,[nasmijati se],laugh,[læf]
Substantiv (400 Dinge),Gesetz,pravo,[praʋo],law,[lɔ]
Substantiv (400 Dinge),führen,voditi,[ʋoditi],lead,[lɛd]
Substantiv (200 bildh.),Blatt,list,[list],leaf,[lif]
Substantiv (400 Dinge),Lernen,učenje,[utʃeɲe],learning,[ˈlərnɪŋ]
Substantiv (400 Dinge),Leder,koža,[koʒa],leather,[ˈlɛðər]
Adjektiv (50 Gegensätze),links,lijevo,[ljeːʋo],left,[lɛft]
Substantiv (200 bildh.),Bein,noga,[noɡa],leg,[lɛɡ]
Verb,lass,neka,[neka],let,[lɛt]
Substantiv (400 Dinge),Brief,pismo,[pismo],letter,[ˈlɛtər]
Substantiv (400 Dinge),Ebene,razini,[razini],level,[ˈlɛvəl]
Substantiv (200 bildh.),Bibliothek,knjižnica,[kɲiʒnitsa],library,[ˈlaɪbrɛˌri]
Substantiv (400 Dinge),heben,dizati,[dizati],lift,[lɪft]
Substantiv (400 Dinge),Licht,svjetlo,[sʋjetlo],light,[laɪt]
Adjektiv (100 allg.),wie,poput,[poput],like,[laɪk]
Substantiv (400 Dinge),Grenze,granica,[ɡranitsa],limit,[ˈlɪmət]
Substantiv (200 bildh.),Linie,linija,[linija],line,[laɪn]
Substantiv (400 Dinge),Leinen,laneno rublje,[laneno rubʎe],linen,[ˈlɪnən]
Substantiv (200 bildh.),Lippe,usna,[usna],lip,[lɪp]
Substantiv (400 Dinge),Flüssigkeit,tekućina,[tekutɕina],liquid,[ˈlɪkwɪd]
Substantiv (400 Dinge),Liste,lista,[lista],list,[lɪst]
Partikel / Präposition,wenig,malo,[malo],little,[ˈlɪtəl]
Adjektiv (100 allg.),leben,živeći,[ʒiʋetɕi],living,[ˈlɪvɪŋ]
Substantiv (200 bildh.),Schloss,zaključati,[zakʎutʃati],lock,[lɑk]
Adjektiv (100 allg.),lang,dugo,[duɡo],long,[lɔŋ]
Substantiv (400 Dinge),schau,pogledati,[poɡledati],look,[lʊk]
Adjektiv (50 Gegensätze),locker,labavo,[labaʋo],loose,[lus]
Substantiv (400 Dinge),Verlust,gubitak,[ɡubitak],loss,[lɔs]
Adjektiv (50 Gegensätze),laut,glasno,[ɡlasno],loud,[laʊd]
Substantiv (400 Dinge),Liebe,ljubavi,[ʎubaʋi],love,[ləv]
Adjektiv (50 Gegensätze),niedrig,nizak,[nizak],low,[loʊ]
Substantiv (400 Dinge),Maschine,stroj,[stroj],machine,[məˈʃin]
Verb,machen,napraviti,[napraʋiti],make,[meɪk]
Adjektiv (100 allg.),männlich,muškarac,[muʃkarats],male,[meɪl]
Substantiv (400 Dinge),Mann,čovjek,[tʃoʋjek],man,[mæn]
Substantiv (400 Dinge),Manager,menadžer,[menadʒer],manager,[ˈmænɪdʒər]
Substantiv (200 bildh.),Karte,karta,[karta],map,[mæp]
Substantiv (400 Dinge),markieren,označiti,[oznatʃiti],mark,[mɑrk]
Substantiv (400 Dinge),Markt,tržištu,[trʒiʃtu],market,[ˈmɑrkɪt]
Adjektiv (100 allg.),verheiratet,oženjen,[oʒeɲen],married,[ˈmɛrid]
Substantiv (400 Dinge),Masse,masa,[masa],mass,[mæs]
Substantiv (200 bildh.),Spiel,odgovarati,[odɡoʋarati],match,[mætʃ]
Adjektiv (100 allg.),Material,materijala,[materijala],material,[məˈtɪriəl]
Verb,Mai,svibanj,[sʋibaɲ],may,[meɪ]
Substantiv (400 Dinge),Mahlzeit,obrok,[obrok],meal,[mil]
Substantiv (400 Dinge),messen,mjeriti,[mjeriti],measure,[ˈmɛʒər]
Substantiv (400 Dinge),Fleisch,meso,[meso],meat,[mit]
Adjektiv (100 allg.),medizinisch,medicinski,[meditsinski],medical,[ˈmɛdɪkəl]
Substantiv (400 Dinge),Treffen,sastanak,[sastanak],meeting,[ˈmitɪŋ]
Substantiv (400 Dinge),Erinnerung,pamćenje,[pamtɕeɲe],memory,[ˈmɛməri]
Substantiv (400 Dinge),Metall,metalni,[metalni],metal,[ˈmɛtəl]
Substantiv (400 Dinge),Mitte,sredini,[sredini],middle,[ˈmɪdəl]
Adjektiv (100 allg.),Militär,vojnog,[ʋojnoɡ],military,[ˈmɪlɪˌtɛri]
Substantiv (400 Dinge),Milch,mlijeko,[mljeːko],milk,[mɪlk]
Substantiv (400 Dinge),Geist,uma,[uma],mind,[maɪnd]
Substantiv (400 Dinge),meins,moje,[moje],mine,[maɪn]
Substantiv (400 Dinge),Minute,minuta,[minuta],minute,[ˈmɪnət]
Substantiv (400 Dinge),Nebel,magla,[maɡla],mist,[mɪst]
Adjektiv (50 Gegensätze),gemischt,mješoviti,[mjeʃoʋiti],mixed,[mɪkst]
Substantiv (400 Dinge),Geld,novac,[noʋats],money,[ˈməni]
Substantiv (200 bildh.),Affe,majmun,[majmun],monkey,[ˈməŋki]
Substantiv (400 Dinge),Monat,mjesec,[mjesets],month,[mənθ]
Substantiv (200 bildh.),Mond,mjesec,[mjesets],moon,[mun]
Substantiv (400 Dinge),Morgen,jutro,[jutro],morning,[ˈmɔrnɪŋ]
Substantiv (400 Dinge),Mutter,majka,[majka],mother,[ˈməðər]
Substantiv (400 Dinge),Bewegung,kretanje,[kretaɲe],motion,[ˈmoʊʃən]
Substantiv (400 Dinge),Berg,planina,[planina],mountain,[ˈmaʊntən]
Substantiv (200 bildh.),Mund,usta,[usta],mouth,[maʊθ]
Substantiv (400 Dinge),bewegen,kretati se,[kretati se],move,[muv]
Partikel / Präposition,viel,puno,[puno],much,[mətʃ]
Substantiv (200 bildh.),Muskel,mišića,[miʃitɕa],muscle,[ˈməsəl]
Substantiv (400 Dinge),Musik,glazba,[ɡlazba],music,[mˈjuzɪk]
Substantiv (200 bildh.),Nagel,noktiju,[noktiju],nail,[neɪl]
Substantiv (400 Dinge),Namen,ime,[ime],name,[neɪm]
Adjektiv (50 Gegensätze),schmal,uski,[uski],narrow,[ˈnɛroʊ]
Substantiv (400 Dinge),Nation,nacija,[natsija],nation,[ˈneɪʃən]
Adjektiv (100 allg.),natürlich,prirodni,[prirodni],natural,[ˈnætʃərəl]
Partikel / Präposition,in der Nähe,blizu,[blizu],near,[nɪr]
Adjektiv (100 allg.),notwendig,potrebno,[potrebno],necessary,[ˈnɛsəˌsɛri]
Substantiv (200 bildh.),Hals,vrat,[ʋrat],neck,[nɛk]
Substantiv (400 Dinge),brauchen,trebati,[trebati],need,[nid]
Substantiv (200 bildh.),Nadel,igla,[iɡla],needle,[ˈnidəl]
Substantiv (200 bildh.),Nerv,živac,[ʒiʋats],nerve,[nərv]
Substantiv (200 bildh.),Netto,neto,[neto],net,[nɛt]
Adjektiv (100 allg.),neu,novi,[noʋi],new,[nu]
Substantiv (400 Dinge),Nachrichten,vijesti,[ʋjeːsti],news,[nuz]
Substantiv (400 Dinge),Nacht,noć,[notɕ],night,[naɪt]
Partikel / Präposition,Nein,br,[br],no,[noʊ]
Substantiv (400 Dinge),Lärm,buka,[buka],noise,[nɔɪz]
Adjektiv (100 allg.),normal,normalno,[normalno],normal,[ˈnɔrməl]
Partikel / Präposition,Norden,sjever,[sjeʋer],north,[nɔrθ]
Substantiv (200 bildh.),Nase,nos,[nos],nose,[noʊz]
Partikel / Präposition,nicht,nije,[nije],not,[nɑt]
Substantiv (400 Dinge),Hinweis,bilješka,[biʎeʃka],note,[noʊt]
Partikel / Präposition,jetzt,sada,[sada],now,[naʊ]
Substantiv (400 Dinge),Nummer,broj,[broj],number,[ˈnəmbər]
Substantiv (200 bildh.),Nuss,matica,[matitsa],nut,[nət]
Substantiv (400 Dinge),Beobachtung,promatranje,[promatraɲe],observation,[ˌɑbzərˈveɪʃən]
Partikel / Präposition,von,od,[od],of,[əv]
Partikel / Präposition,aus,isključeno,[iskʎutʃeno],off,[ɔf]
Substantiv (400 Dinge),Angebot,ponuda,[ponuda],offer,[ˈɔfər]
Substantiv (200 bildh.),Büro,ured,[ured],office,[ˈɔfəs]
Substantiv (400 Dinge),Öl,ulje,[uʎe],oil,[ɔɪl]
Adjektiv (50 Gegensätze),alt,stara,[stara],old,[oʊld]
Partikel / Präposition,auf,na,[na],on,[ɔn]
Partikel / Präposition,nur,jedini,[jedini],only,[ˈoʊnli]
Adjektiv (100 allg.),offen,otvorena,[otʋorena],open,[ˈoʊpən]
Substantiv (400 Dinge),Betrieb,operacija,[operatsija],operation,[ˌɑpərˈeɪʃən]
Substantiv (400 Dinge),Meinung,mišljenje,[miʃʎeɲe],opinion,[əˈpɪnjən]
Adjektiv (50 Gegensätze),Gegenteil,suprotnost,[suprotnost],opposite,[ˈɑpəzɪt]
Partikel / Präposition,oder,ili,[ili],or,[ər]
Substantiv (200 bildh.),orange,narančasta,[narantʃasta],orange,[ˈɔrɪndʒ]
Substantiv (400 Dinge),bestellen,poredak,[poredak],order,[ˈɔrdər]
Substantiv (400 Dinge),Organisation,organizacija,[orɡanizatsija],organization,[ˌɔrɡənəˈzeɪʃən]
Substantiv (400 Dinge),Ornament,ornament,[ornament],ornament,[ˈɔrnəmənt]
Partikel / Präposition,andere,drugo,[druɡo],other,[ˈəðər]
Partikel / Präposition,raus,van,[ʋan],out,[aʊt]
Substantiv (200 bildh.),Ofen,pećnica,[petɕnitsa],oven,[ˈəvən]
Partikel / Präposition,vorbei,preko,[preko],over,[ˈoʊvər]
Substantiv (400 Dinge),Besitzer,vlasnik,[ʋlasnik],owner,[ˈoʊnər]
Substantiv (400 Dinge),Seite,stranici,[stranitsi],page,[peɪdʒ]
Substantiv (400 Dinge),Schmerz,bol,[bol],pain,[peɪn]
Substantiv (400 Dinge),malen,slikati,[slikati],paint,[peɪnt]
Substantiv (400 Dinge),Papier,papir,[papir],paper,[ˈpeɪpər]
Adjektiv (100 allg.),parallel,paralelno,[paralelno],parallel,[ˈpɛrəˌlɛl]
Substantiv (200 bildh.),Paket,parcela,[partsela],parcel,[ˈpɑrsəl]
Substantiv (400 Dinge),Teil,dio,[dio],part,[pɑrt]
Adjektiv (100 allg.),Vergangenheit,prošlosti,[proʃlosti],past,[pæst]
Substantiv (400 Dinge),einfügen,zalijepiti,[zaljeːpiti],paste,[peɪst]
Substantiv (400 Dinge),Zahlung,plaćanje,[platɕaɲe],payment,[ˈpeɪmənt]
Substantiv (400 Dinge),Frieden,mir,[mir],peace,[pis]
Substantiv (200 bildh.),Stift,olovka,[oloʋka],pen,[pɛn]
Substantiv (200 bildh.),Bleistift,olovka,[oloʋka],pencil,[ˈpɛnsəl]
Substantiv (400 Dinge),Person,osoba,[osoba],person,[ˈpərsən]
Adjektiv (100 allg.),körperlich,fizički,[fizitʃki],physical,[ˈfɪzɪkəl]
Substantiv (200 bildh.),Bild,slika,[slika],picture,[ˈpɪktʃər]
Substantiv (200 bildh.),Schwein,svinja,[sʋiɲa],pig,[pɪɡ]
Substantiv (200 bildh.),Stift,pribadača,[pribadatʃa],pin,[pɪn]
Substantiv (200 bildh.),Rohr,cijev,[tsjeːʋ],pipe,[paɪp]
Substantiv (400 Dinge),Ort,mjesto,[mjesto],place,[pleɪs]
Substantiv (200 bildh.),Flugzeug,ravnina,[raʋnina],plane,[pleɪn]
Substantiv (400 Dinge),Pflanze,biljka,[biʎka],plant,[plænt]
Substantiv (200 bildh.),Platte,ploča,[plotʃa],plate,[pleɪt]
Substantiv (400 Dinge),spielen,svirati,[sʋirati],play,[pleɪ]
Partikel / Präposition,Bitte,molim te,[molim te],please,[pliz]
Substantiv (400 Dinge),Vergnügen,zadovoljstvo,[zadoʋoʎstʋo],pleasure,[ˈplɛʒər]
Substantiv (200 bildh.),Pflug/Pflug,plug/plug,[pluɡ/pluɡ],plough/plow,[plaʊ]
Substantiv (200 bildh.),Tasche,džep,[dʒep],pocket,[ˈpɑkət]
Substantiv (400 Dinge),Punkt,točka,[totʃka],point,[pɔɪnt]
Substantiv (400 Dinge),Gift,otrov,[otroʋ],poison,[ˈpɔɪzən]
Substantiv (400 Dinge),polieren,polirati,[polirati],polish,[ˈpɑlɪʃ]
Adjektiv (100 allg.),politisch,političkim,[polititʃkim],political,[pəˈlɪtɪkəl]
Adjektiv (100 allg.),arm,siromašan,[siromaʃan],poor,[pur]
Substantiv (400 Dinge),Portier,vratar,[ʋratar],porter,[ˈpɔrtər]
Substantiv (400 Dinge),Position,položaj,[poloʒaj],position,[pəˈzɪʃən]
Adjektiv (100 allg.),möglich,moguće,[moɡutɕe],possible,[ˈpɑsəbəl]
Substantiv (200 bildh.),Topf,lonac,[lonats],pot,[pɑt]
Substantiv (200 bildh.),Kartoffel,krumpir,[krumpir],potato,[pəˈteɪˌtoʊ]
Substantiv (400 Dinge),Pulver,prašak,[praʃak],powder,[ˈpaʊdər]
Substantiv (400 Dinge),Macht,snaga,[snaɡa],power,[paʊər]
Adjektiv (100 allg.),vorhanden,prisutan,[prisutan],present,[ˈprɛzənt]
Substantiv (400 Dinge),Preis,cijena,[tsjeːna],price,[praɪs]
Substantiv (400 Dinge),drucken,ispisati,[ispisati],print,[prɪnt]
Substantiv (200 bildh.),Gefängnis,zatvor,[zatʋor],prison,[ˈprɪzən]
Adjektiv (100 allg.),privat,privatni,[priʋatni],private,[ˈpraɪvət]
Adjektiv (100 allg.),wahrscheinlich,vjerojatan,[ʋjerojatan],probable,[ˈprɑbəbəl]
Substantiv (400 Dinge),Prozess,procesuirati,[protsesuirati],process,[ˈprɔˌsɛs]
Substantiv (400 Dinge),produzieren,proizvoditi,[proizʋoditi],produce,[ˈproʊdus]
Substantiv (400 Dinge),Gewinn,dobit,[dobit],profit,[ˈprɑfɪt]
Substantiv (400 Dinge),Eigentum,vlasništvo,[ʋlasniʃtʋo],property,[ˈprɑpərti]
Substantiv (400 Dinge),Prosa,proza,[proza],prose,[proʊz]
Substantiv (400 Dinge),Protest,protestirati,[protestirati],protest,[ˈproʊˌtɛst]
Adjektiv (50 Gegensätze),öffentlich,javni,[jaʋni],public,[ˈpəblɪk]
Substantiv (400 Dinge),ziehen,povući,[poʋutɕi],pull,[pʊl]
Substantiv (200 bildh.),Pumpe,pumpa,[pumpa],pump,[pəmp]
Substantiv (400 Dinge),Bestrafung,kazna,[kazna],punishment,[ˈpənɪʃmənt]
Substantiv (400 Dinge),Zweck,svrha,[sʋrxa],purpose,[ˈpərpəs]
Substantiv (400 Dinge),schieben,gurati,[ɡurati],push,[pʊʃ]
Verb,setzen,staviti,[staʋiti],put,[pʊt]
Substantiv (400 Dinge),Qualität,kvaliteta,[kʋaliteta],quality,[kˈwɑləti]
Substantiv (400 Dinge),Frage,pitanje,[pitaɲe],question,[kˈwɛʃən]
Adjektiv (100 allg.),schnell,brzo,[brzo],quick,[kwɪk]
Adjektiv (100 allg.),ruhig,tiho,[tixo],quiet,[kwaɪət]
Partikel / Präposition,ganz,prilično,[prilitʃno],quite,[kwaɪt]
Substantiv (200 bildh.),Schiene,željeznicom,[ʒeʎeznitsom],rail,[reɪl]
Substantiv (400 Dinge),Regen,kiša,[kiʃa],rain,[reɪn]
Substantiv (400 Dinge),Reichweite,domet,[domet],range,[reɪndʒ]
Substantiv (200 bildh.),Ratte,štakor,[ʃtakor],rat,[ræt]
Substantiv (400 Dinge),Rate,stopa,[stopa],rate,[reɪt]
Substantiv (400 Dinge),Strahl,zraka,[zraka],ray,[reɪ]
Substantiv (400 Dinge),Reaktion,reakcija,[reaktsija],reaction,[riˈækʃən]
Substantiv (400 Dinge),Lesen,čitanje,[tʃitaɲe],reading,[ˈrɛdɪŋ]
Adjektiv (100 allg.),fertig,spreman,[spreman],ready,[ˈrɛdi]
Substantiv (400 Dinge),Grund,razlog,[razloɡ],reason,[ˈrizən]
Substantiv (200 bildh.),Quittung,primitak,[primitak],receipt,[rɪˈsit]
Substantiv (400 Dinge),aufzeichnen,zapisnik,[zapisnik],record,[ˈrɛkərd]
Adjektiv (100 allg.),rot,crvena,[tsrʋena],red,[rɛd]
Substantiv (400 Dinge),Bedauern,žaljenje,[ʒaʎeɲe],regret,[rɪˈɡrɛt]
Adjektiv (100 allg.),regelmäßig,redovito,[redoʋito],regular,[ˈrɛɡjələr]
Substantiv (400 Dinge),Beziehung,odnos,[odnos],relation,[riˈleɪʃən]
Substantiv (400 Dinge),Religion,vjera,[ʋjera],religion,[rɪˈlɪdʒən]
Substantiv (400 Dinge),Vertreter,predstavnik,[predstaʋnik],representative,[ˌrɛprɪˈzɛnətɪv]
Substantiv (400 Dinge),Anfrage,zahtjev,[zaxtjeʋ],request,[rɪkˈwɛst]
Substantiv (400 Dinge),Respekt,poštovanje,[poʃtoʋaɲe],respect,[rɪˈspɛkt]
Adjektiv (100 allg.),verantwortlich,odgovoran,[odɡoʋoran],responsible,[riˈspɑnsəbəl]
Substantiv (400 Dinge),Ruhe,odmoriti se,[odmoriti se],rest,[rɛst]
Substantiv (400 Dinge),Belohnung,nagrada,[naɡrada],reward,[rɪˈwɔrd]
Substantiv (400 Dinge),Rhythmus,ritam,[ritam],rhythm,[ˈrɪðəm]
Substantiv (400 Dinge),Reis,riža,[riʒa],rice,[raɪs]
Adjektiv (100 allg.),richtig,desno,[desno],right,[raɪt]
Substantiv (200 bildh.),klingeln,prsten,[prsten],ring,[rɪŋ]
Substantiv (400 Dinge),Fluss,rijeka,[rjeːka],river,[ˈrɪvər]
Substantiv (400 Dinge),Straße,cesta,[tsesta],road,[roʊd]
Substantiv (200 bildh.),Stab,šipka,[ʃipka],rod,[rɑd]
Substantiv (400 Dinge),rollen,smotati,[smotati],roll,[roʊl]
Substantiv (200 bildh.),Dach,krovište,[kroʋiʃte],roof,[rʊf]
Substantiv (400 Dinge),Zimmer,soba,[soba],room,[rum]
Substantiv (200 bildh.),Wurzel,korijen,[korjeːn],root,[rut]
Adjektiv (50 Gegensätze),rau,grubo,[ɡrubo],rough,[rəf]
Adjektiv (100 allg.),rund,okrugli,[okruɡli],round,[raʊnd]
Substantiv (400 Dinge),reiben,trljati,[trʎati],rub,[rəb]
Substantiv (400 Dinge),Regel,pravilo,[praʋilo],rule,[rul]
Substantiv (400 Dinge),laufen,trčati,[trtʃati],run,[rən]
Adjektiv (50 Gegensätze),traurig,tužan,[tuʒan],sad,[sæd]
Adjektiv (50 Gegensätze),sicher,sigurno,[siɡurno],safe,[seɪf]
Substantiv (200 bildh.),segeln,ploviti,[ploʋiti],sail,[seɪl]
Substantiv (400 Dinge),Salz,sol,[sol],salt,[sɔlt]
Adjektiv (100 allg.),gleich,isti,[isti],same,[seɪm]
Substantiv (400 Dinge),Sand,pijesak,[pjeːsak],sand,[sænd]
Verb,sagen,reći,[retɕi],say,[seɪ]
Substantiv (400 Dinge),Maßstab,mjerilo,[mjerilo],scale,[skeɪl]
Substantiv (200 bildh.),Schule,škola,[ʃkola],school,[skul]
Substantiv (400 Dinge),Wissenschaft,znanosti,[znanosti],science,[saɪəns]
Substantiv (200 bildh.),Schere,škare,[ʃkare],scissors,[ˈsɪzərz]
Substantiv (200 bildh.),Schraube,vijak,[ʋijak],screw,[skru]
Substantiv (400 Dinge),Meer,more,[more],sea,[si]
Substantiv (400 Dinge),Sitz,sjedište,[sjediʃte],seat,[sit]
Adjektiv (100 allg.),zweitens,drugo,[druɡo],second,[ˈsɛkənd]
Adjektiv (50 Gegensätze),Geheimnis,tajna,[tajna],secret,[ˈsikrɪt]
Substantiv (400 Dinge),Sekretärin,tajnica,[tajnitsa],secretary,[ˈsɛkrəˌtɛri]
Verb,siehe,vidjeti,[ʋidjeti],see,[si]
Substantiv (200 bildh.),Samen,sjeme,[sjeme],seed,[sid]
Verb,scheinen,činiti se,[tʃiniti se],seem,[sim]
Substantiv (400 Dinge),Auswahl,izbor,[izbor],selection,[səˈlɛkʃən]
Substantiv (400 Dinge),selbst,sebe,[sebe],self,[sɛlf]
Verb,senden,poslati,[poslati],send,[sɛnd]
Substantiv (400 Dinge),Sinn,smislu,[smislu],sense,[sɛns]
Adjektiv (100 allg.),getrennt,odvojiti,[odʋojiti],separate,[ˈsɛpərˌeɪt]
Adjektiv (100 allg.),ernst,ozbiljno,[ozbiʎno],serious,[ˈsɪriəs]
Substantiv (400 Dinge),Diener,sluga,[sluɡa],servant,[ˈsərvənt]
Substantiv (400 Dinge),Sex,sex,[sex],sex,[sɛks]
Substantiv (400 Dinge),Schatten,sjena,[sjena],shade,[ʃeɪd]
Substantiv (400 Dinge),schütteln,tresti,[tresti],shake,[ʃeɪk]
Substantiv (400 Dinge),schade,sramota,[sramota],shame,[ʃeɪm]
Adjektiv (100 allg.),scharf,oštar,[oʃtar],sharp,[ʃɑrp]
Substantiv (200 bildh.),Schafe,ovce,[oʋtse],sheep,[ʃip]
Substantiv (200 bildh.),Regal,polica,[politsa],shelf,[ʃɛlf]
Substantiv (200 bildh.),Schiff,brod,[brod],ship,[ʃɪp]
Substantiv (200 bildh.),Hemd,košulja,[koʃuʎa],shirt,[ʃərt]
Substantiv (400 Dinge),Schock,šok,[ʃok],shock,[ʃɑk]
Substantiv (200 bildh.),Schuh,cipela,[tsipela],shoe,[ʃu]
Adjektiv (50 Gegensätze),kurz,kratko,[kratko],short,[ʃɔrt]
Adjektiv (50 Gegensätze),geschlossen,zatvoriti,[zatʋoriti],shut,[ʃət]
Substantiv (400 Dinge),Seite,strana,[strana],side,[saɪd]
Substantiv (400 Dinge),Zeichen,znak,[znak],sign,[saɪn]
Substantiv (400 Dinge),Seide,svila,[sʋila],silk,[sɪlk]
Substantiv (400 Dinge),Silber,srebro,[srebro],silver,[ˈsɪlvər]
Adjektiv (50 Gegensätze),einfach,jednostavan,[jednostaʋan],simple,[ˈsɪmpəl]
Substantiv (400 Dinge),Schwester,sestra,[sestra],sister,[ˈsɪstər]
Substantiv (400 Dinge),Größe,veličine,[ʋelitʃine],size,[saɪz]
Substantiv (200 bildh.),Haut,kože,[koʒe],skin,[skɪn]
Substantiv (200 bildh.),Rock,suknja,[sukɲa],skirt,[skərt]
Substantiv (400 Dinge),Himmel,nebo,[nebo],sky,[skaɪ]
Substantiv (400 Dinge),schlafen,spavati,[spaʋati],sleep,[slip]
Substantiv (400 Dinge),ausrutschen,skliznuti,[skliznuti],slip,[slɪp]
Substantiv (400 Dinge),Steigung,nagib,[naɡib],slope,[sloʊp]
Adjektiv (50 Gegensätze),langsam,sporo,[sporo],slow,[sloʊ]
Adjektiv (50 Gegensätze),klein,mala,[mala],small,[smɔl]
Substantiv (400 Dinge),zerschlagen,razbiti,[razbiti],smash,[smæʃ]
Substantiv (400 Dinge),Geruch,mirisati,[mirisati],smell,[smɛl]
Substantiv (400 Dinge),lächeln,osmijeh,[osmjeːx],smile,[smaɪl]
Substantiv (400 Dinge),Rauch,dimiti,[dimiti],smoke,[smoʊk]
Adjektiv (100 allg.),glatt,glatka,[ɡlatka],smooth,[smuð]
Substantiv (200 bildh.),Schlange,zmija,[zmija],snake,[sneɪk]
Substantiv (400 Dinge),niesen,kihati,[kixati],sneeze,[sniz]
Substantiv (400 Dinge),Schnee,snijeg,[snjeːɡ],snow,[snoʊ]
Partikel / Präposition,also,dakle,[dakle],so,[soʊ]
Substantiv (400 Dinge),Seife,sapun,[sapun],soap,[soʊp]
Substantiv (400 Dinge),Gesellschaft,društvu,[druʃtʋu],society,[soʊˈsaɪɪti]
Substantiv (200 bildh.),Socke,čarapa,[tʃarapa],sock,[sɑk]
Adjektiv (50 Gegensätze),weich,mekan,[mekan],soft,[sɔft]
Adjektiv (50 Gegensätze),solide,čvrsta,[tʃʋrsta],solid,[ˈsɑləd]
Partikel / Präposition,einige,neke,[neke],some,[səm]
Substantiv (400 Dinge),Sohn,sine,[sine],son,[sən]
Substantiv (400 Dinge),Lied,pjesma,[pjesma],song,[sɔŋ]
Substantiv (400 Dinge),sortieren,sortirati,[sortirati],sort,[sɔrt]
Substantiv (400 Dinge),Ton,zvuk,[zʋuk],sound,[saʊnd]
Substantiv (400 Dinge),Suppe,juha,[juxa],soup,[sup]
Partikel / Präposition,Süden,južno,[juʒno],south,[saʊθ]
Substantiv (400 Dinge),Raum,prostoru,[prostoru],space,[speɪs]
Substantiv (200 bildh.),Spaten,pik,[pik],spade,[speɪd]
Adjektiv (50 Gegensätze),besonders,poseban,[poseban],special,[ˈspɛʃəl]
Substantiv (200 bildh.),Schwamm,spužva,[spuʒʋa],sponge,[spəndʒ]
Substantiv (200 bildh.),Löffel,žlica,[ʒlitsa],spoon,[spun]
Substantiv (200 bildh.),Frühling,proljeće,[proʎetɕe],spring,[spərɪŋ]
Substantiv (200 bildh.),quadratisch,trg,[trɡ],square,[skwɛr]
Substantiv (400 Dinge),Bühne,pozornici,[pozornitsi],stage,[steɪdʒ]
Substantiv (200 bildh.),Stempel,markica,[markitsa],stamp,[stæmp]
Substantiv (200 bildh.),Stern,zvijezda,[zʋijeːzda],star,[stɑr]
Substantiv (400 Dinge),beginnen,započeti,[zapotʃeti],start,[stɑrt]
Substantiv (400 Dinge),Aussage,izjava,[izjaʋa],statement,[ˈsteɪtmənt]
Substantiv (200 bildh.),Bahnhof,stanica,[stanitsa],station,[ˈsteɪʃən]
Substantiv (400 Dinge),Dampf,pare,[pare],steam,[stim]
Substantiv (400 Dinge),Stahl,čelika,[tʃelika],steel,[stil]
Substantiv (200 bildh.),Stamm,stabljika,[stabʎika],stem,[stɛm]
Substantiv (400 Dinge),Schritt,korak,[korak],step,[stɛp]
Substantiv (200 bildh.),Stock,štap,[ʃtap],stick,[stɪk]
Adjektiv (100 allg.),klebrig,ljepljiva,[ʎepʎiʋa],sticky,[ˈstɪki]
Adjektiv (100 allg.),steif,ukočen,[ukotʃen],stiff,[stɪf]
Partikel / Präposition,immer noch,i dalje,[i daʎe],still,[stɪl]
Substantiv (400 Dinge),Stich,ubod,[ubod],stitch,[stɪtʃ]
Substantiv (200 bildh.),Strumpf,čarapa,[tʃarapa],stocking,[ˈstɑkɪŋ]
Substantiv (200 bildh.),Magen,želudac,[ʒeludats],stomach,[ˈstəmək]
Substantiv (400 Dinge),Stein,kamena,[kamena],stone,[stoʊn]
Substantiv (400 Dinge),hör auf,zaustaviti se,[zaustaʋiti se],stop,[stɑp]
Substantiv (200 bildh.),speichern,trgovina,[trɡoʋina],store,[stɔr]
Substantiv (400 Dinge),Geschichte,priča,[pritʃa],story,[ˈstɔri]
Adjektiv (100 allg.),gerade,ravno,[raʋno],straight,[streɪt]
Adjektiv (50 Gegensätze),seltsam,čudno,[tʃudno],strange,[streɪndʒ]
Substantiv (200 bildh.),Straße,ulica,[ulitsa],street,[strit]
Substantiv (400 Dinge),dehnen,protežu se,[proteʒu se],stretch,[strɛtʃ]
Adjektiv (100 allg.),stark,snažna,[snaʒna],strong,[strɔŋ]
Substantiv (400 Dinge),Struktur,struktura,[struktura],structure,[ˈstrəktʃər]
Substantiv (400 Dinge),Substanz,tvar,[tʋar],substance,[ˈsəbstəns]
Partikel / Präposition,so,takav,[takaʋ],such,[sətʃ]
Adjektiv (100 allg.),plötzlich,iznenadan,[iznenadan],sudden,[ˈsədən]
Substantiv (400 Dinge),Zucker,šećera,[ʃetɕera],sugar,[ˈʃʊɡər]
Substantiv (400 Dinge),Vorschlag,prijedlog,[prijeːdloɡ],suggestion,[səˈdʒɛstʃən]
Substantiv (400 Dinge),Sommer,ljeto,[ʎeto],summer,[ˈsəmər]
Substantiv (200 bildh.),Sonne,sunce,[suntse],sun,[sən]
Substantiv (400 Dinge),Unterstützung,podrška,[podrʃka],support,[səˈpɔrt]
Substantiv (400 Dinge),Überraschung,iznenađenje,[iznenadʑeɲe],surprise,[səˈpraɪz]
Adjektiv (100 allg.),süß,slatko,[slatko],sweet,[swit]
Substantiv (400 Dinge),schwimmen,plivati,[pliʋati],swim,[swɪm]
Substantiv (400 Dinge),System,sustav,[sustaʋ],system,[ˈsɪstəm]
Substantiv (200 bildh.),Tisch,stol,[stol],table,[ˈteɪbəl]
Substantiv (200 bildh.),Schwanz,rep,[rep],tail,[teɪl]
Verb,nehmen,uzeti,[uzeti],take,[teɪk]
Substantiv (400 Dinge),reden,pričati,[pritʃati],talk,[tɔk]
Adjektiv (100 allg.),groß,visoka,[ʋisoka],tall,[tɔl]
Substantiv (400 Dinge),Geschmack,okusiti,[okusiti],taste,[teɪst]
Substantiv (400 Dinge),Steuer,porez,[porez],tax,[tæks]
Substantiv (400 Dinge),Unterrichten,nastava,[nastaʋa],teaching,[ˈtitʃɪŋ]
Substantiv (400 Dinge),Tendenz,sklonost,[sklonost],tendency,[ˈtɛndənsi]
Substantiv (400 Dinge),testen,test,[test],test,[tɛst]
Partikel / Präposition,als,nego,[neɡo],than,[ðən]
Partikel / Präposition,das,taj,[taj],that,[ðət]
Partikel / Präposition,die,the,[txe],the,[ðə]
Partikel / Präposition,dann,zatim,[zatim],then,[ðɛn]
Substantiv (400 Dinge),Theorie,teorija,[teorija],theory,[ˈθɪri]
Partikel / Präposition,dort,tamo,[tamo],there,[ðɛr]
Adjektiv (100 allg.),dick,gusta,[ɡusta],thick,[θɪk]
Adjektiv (50 Gegensätze),dünn,tanak,[tanak],thin,[θɪn]
Substantiv (400 Dinge),Sache,stvar,[stʋar],thing,[θɪŋ]
Partikel / Präposition,dies,ovo,[oʋo],this,[ðɪs]
Partikel / Präposition,allerdings,ipak,[ipak],though,[ðoʊ]
Substantiv (400 Dinge),dachte,misao,[misao],thought,[θɔt]
Substantiv (200 bildh.),Thread,nit,[nit],thread,[θrɛd]
Substantiv (200 bildh.),Hals,grlo,[ɡrlo],throat,[θroʊt]
Partikel / Präposition,durch,kroz,[kroz],through,[θru]
Substantiv (200 bildh.),Daumen,palac,[palats],thumb,[θəm]
Substantiv (400 Dinge),Donner,grmljavina,[ɡrmʎaʋina],thunder,[ˈθəndər]
Substantiv (200 bildh.),Fahrkarte,ulaznica,[ulaznitsa],ticket,[ˈtɪkɪt]
Adjektiv (100 allg.),eng,tijesno,[tjeːsno],tight,[taɪt]
Partikel / Präposition,bis,do,[do],till,[tɪl]
Substantiv (400 Dinge),Zeit,vremena,[ʋremena],time,[taɪm]
Substantiv (400 Dinge),Zinn,kositra,[kositra],tin,[tɪn]
Adjektiv (100 allg.),müde,umoran,[umoran],tired,[taɪərd]
Partikel / Präposition,zu,do,[do],to,[tɪ]
Substantiv (200 bildh.),Zehe,nožni prst,[noʒni prst],toe,[toʊ]
Partikel / Präposition,zusammen,zajedno,[zajedno],together,[təˈɡɛðər]
Partikel / Präposition,morgen,sutra,[sutra],tomorrow,[təˈmɑˌroʊ]
Substantiv (200 bildh.),Zunge,jezikom,[jezikom],tongue,[təŋ]
Substantiv (200 bildh.),Zahn,zub,[zub],tooth,[tuθ]
Substantiv (400 Dinge),oben,vrh,[ʋrx],top,[tɔp]
Substantiv (400 Dinge),berühren,dodirnuti,[dodirnuti],touch,[tətʃ]
Substantiv (200 bildh.),Stadt,grad,[ɡrad],town,[taʊn]
Substantiv (400 Dinge),Handel,trgovina,[trɡoʋina],trade,[treɪd]
Substantiv (200 bildh.),Zug,vlakom,[ʋlakom],train,[treɪn]
Substantiv (400 Dinge),Transport,prijevoz,[prjeːʋoz],transport,[ˈtrænspɔrt]
Substantiv (200 bildh.),Tablett,poslužavnik,[posluʒaʋnik],tray,[treɪ]
Substantiv (200 bildh.),Baum,drvo,[drʋo],tree,[tri]
Substantiv (400 Dinge),Trick,trik,[trik],trick,[trɪk]
Substantiv (400 Dinge),Ärger,nevolja,[neʋoʎa],trouble,[ˈtrəbəl]
Substantiv (200 bildh.),Hosen,hlače,[xlatʃe],trousers,[ˈtraʊzərz]
Adjektiv (100 allg.),wahr,istina,[istina],true,[tru]
Substantiv (400 Dinge),drehen,okrenuti se,[okrenuti se],turn,[tərn]
Substantiv (400 Dinge),verdrehen,uvijanje,[uʋijaɲe],twist,[twɪst]
Substantiv (200 bildh.),Regenschirm,kišobran,[kiʃobran],umbrella,[ˈəmˌbrɛlə]
Partikel / Präposition,unter,pod,[pod],under,[ˈəndər]
Substantiv (400 Dinge),Einheit,jedinica,[jedinitsa],unit,[ˈjunɪt]
Partikel / Präposition,auf,gore,[ɡore],up,[əp]
Substantiv (400 Dinge),verwenden,korištenje,[koriʃteɲe],use,[juz]
Substantiv (400 Dinge),Wert,vrijednost,[ʋrjeːdnost],value,[ˈvælju]
Substantiv (400 Dinge),Vers,stih,[stix],verse,[vərs]
Partikel / Präposition,sehr,jako,[jako],very,[ˈvɛri]
Substantiv (400 Dinge),Schiff,plovilo,[ploʋilo],vessel,[ˈvɛsəl]
Substantiv (400 Dinge),Ansicht,pogled,[poɡled],view,[vju]
Adjektiv (100 allg.),gewalttätig,nasilan,[nasilan],violent,[ˈvaɪələnt]
Substantiv (400 Dinge),Stimme,glas,[ɡlas],voice,[vɔɪs]
Adjektiv (100 allg.),warten,čekajući,[tʃekajutɕi],waiting,[ˈweɪtɪŋ]
Substantiv (400 Dinge),gehen,hodati,[xodati],walk,[wɔk]
Substantiv (200 bildh.),Wand,zid,[zid],wall,[wɔl]
Substantiv (400 Dinge),Krieg,rata,[rata],war,[wɔr]
Adjektiv (100 allg.),warm,toplo,[toplo],warm,[wɔrm]
Substantiv (400 Dinge),waschen,oprati,[oprati],wash,[wɑʃ]
Substantiv (400 Dinge),Verschwendung,otpad,[otpad],waste,[weɪst]
Substantiv (200 bildh.),schau,gledati,[ɡledati],watch,[wɔtʃ]
Substantiv (400 Dinge),Wasser,vodu,[ʋodu],water,[ˈwɔtər]
Substantiv (400 Dinge),Welle,talasati,[talasati],wave,[weɪv]
Substantiv (400 Dinge),Wachs,vosak,[ʋosak],wax,[wæks]
Substantiv (400 Dinge),Weg,put,[put],way,[weɪ]
Substantiv (400 Dinge),Wetter,vrijeme,[ʋrjeːme],weather,[ˈwɛðər]
Substantiv (400 Dinge),Woche,tjedan,[tjedan],week,[wik]
Substantiv (400 Dinge),Gewicht,težina,[teʒina],weight,[weɪt]
Partikel / Präposition,Na ja,dobro,[dobro],well,[wɛl]
Partikel / Präposition,Westen,zapad,[zapad],west,[wɛst]
Adjektiv (100 allg.),nass,mokri,[mokri],wet,[wɛt]
Substantiv (200 bildh.),Rad,kotač,[kotatʃ],wheel,[wil]
Partikel / Präposition,wann,kada,[kada],when,[wɪn]
Partikel / Präposition,wo,gdje,[ɡdje],where,[wɛr]
Partikel / Präposition,während,dok je,[dok je],while,[waɪl]
Substantiv (200 bildh.),Peitsche,bičem,[bitʃem],whip,[wɪp]
Substantiv (200 bildh.),Pfeife,zviždati,[zʋiʒdati],whistle,[ˈwɪsəl]
Adjektiv (50 Gegensätze),weiß,bijela,[bjeːla],white,[waɪt]
Partikel / Präposition,wer,tko,[tko],who,[hu]
Partikel / Präposition,warum,zašto,[zaʃto],why,[waɪ]
Adjektiv (100 allg.),breit,široka,[ʃiroka],wide,[waɪd]
Verb,wird,volja,[ʋoʎa],will,[wɪl]
Substantiv (400 Dinge),Wind,vjetar,[ʋjetar],wind,[wɪnd]
Substantiv (200 bildh.),Fenster,prozor,[prozor],window,[ˈwɪndoʊ]
Substantiv (400 Dinge),Wein,vina,[ʋina],wine,[waɪn]
Substantiv (200 bildh.),Flügel,krilo,[krilo],wing,[wɪŋ]
Substantiv (400 Dinge),Winter,zima,[zima],winter,[ˈwɪntər]
Substantiv (200 bildh.),Draht,žica,[ʒitsa],wire,[waɪər]
Adjektiv (100 allg.),weise,mudar,[mudar],wise,[waɪz]
Partikel / Präposition,mit,sa,[sa],with,[wɪθ]
Substantiv (400 Dinge),Frau,žena,[ʒena],woman,[ˈwʊmən]
Substantiv (400 Dinge),Holz,drvo,[drʋo],wood,[wʊd]
Substantiv (400 Dinge),Wolle,vuna,[ʋuna],wool,[wʊl]
Substantiv (400 Dinge),Wort,riječ,[rjeːtʃ],word,[wərd]
Substantiv (400 Dinge),Arbeit,raditi,[raditi],work,[wərk]
Substantiv (200 bildh.),Wurm,crv,[tsrʋ],worm,[wərm]
Substantiv (400 Dinge),Wunde,rana,[rana],wound,[wund]
Substantiv (400 Dinge),Schreiben,pisanje,[pisaɲe],writing,[ˈraɪtɪŋ]
Adjektiv (50 Gegensätze),falsch,pogrešno,[poɡreʃno],wrong,[rɔŋ]
Substantiv (400 Dinge),Jahr,godine,[ɡodine],year,[jɪr]
Adjektiv (100 allg.),gelb,žuti,[ʒuti],yellow,[ˈjɛloʊ]
Partikel / Präposition,ja,da,[da],yes,[jɛs]
Partikel / Präposition,gestern,jučer,[jutʃer],yesterday,[ˈjɛstərˌdeɪ]
Partikel / Präposition,Du,tebe,[tebe],you,[ju]
Adjektiv (100 allg.),jung,mlada,[mlada],young,[jəŋ]
